month,avg_volume
1,2036.606182795699
2,2031.7485207100592
3,2021.2977150537633
4,2030.3854166666667
5,2034.638664874552
6,2026.8291666666667
7,2027.1312724014338
8,2031.7096774193549
9,2023.7120370370371
10,2034.303543218235
11,2025.4310185185186
12,2026.1935483870968
