weather_main,avg_volume,n_records
Clouds,2120.6209697732997,15880
Clear,2115.431518430842,23656
Fog,2042.0910891089109,505
Mist,1948.7283889980354,2036
Haze,1939.447463768116,552
Rain,1865.4087614752777,6209
Snow,1418.0086183678966,3713
