summary,temp,rain_1h,snow_1h,clouds_all,traffic_volume
count,52551,52551,52551,52551,52551
mean,281.2243424482885,0.4765783714867463,0.1818629521797872,43.83977469505813,2029.1705200662213
stddev,11.8420533868015,1.520603263387176,0.7612526535958286,33.48016920263341,1132.0298568427597
min,254.19,0.0,0.0,0,0
max,306.68,8.0,5.0,100,5044
