dow,avg_volume,n_records
1,1420.1090255591055,7512
2,2271.7994123931626,7488
3,2271.6084232973476,7503
4,2271.9467518636848,7512
5,2270.5342119275824,7512
6,2273.0901224707136,7512
7,1426.1713258785942,7512
